"","x"
"1","abind"
"2","agricolae"
"3","agricolaeplotr"
"4","agridat"
"5","agrifeature"
"6","agriTutorial"
"7","agriutilities"
"8","agriwater"
"9","AlgDesign"
"10","AnnotationDbi"
"11","anytime"
"12","ape"
"13","askpass"
"14","backports"
"15","base64enc"
"16","BayesFactor"
"17","bayestestR"
"18","BH"
"19","binb"
"20","Biobase"
"21","BiocFileCache"
"22","BiocGenerics"
"23","BiocIO"
"24","BiocManager"
"25","BiocParallel"
"26","BiocVersion"
"27","biomaRt"
"28","Biostrings"
"29","bit"
"30","bit64"
"31","bitops"
"32","blob"
"33","bookdown"
"34","bookdownplus"
"35","brio"
"36","broom"
"37","bslib"
"38","cachem"
"39","callr"
"40","car"
"41","carData"
"42","cellranger"
"43","checkmate"
"44","classInt"
"45","cli"
"46","clipr"
"47","clock"
"48","coda"
"49","colorspace"
"50","combinat"
"51","commonmark"
"52","config"
"53","conflicted"
"54","contfrac"
"55","corpcor"
"56","correlation"
"57","corrplot"
"58","cowplot"
"59","cpp11"
"60","crayon"
"61","credentials"
"62","curl"
"63","cvar"
"64","data.table"
"65","datasauRus"
"66","datawizard"
"67","DBI"
"68","dbplyr"
"69","DelayedArray"
"70","deldir"
"71","desc"
"72","DescTools"
"73","DESeq2"
"74","deSolve"
"75","diagram"
"76","dials"
"77","DiceDesign"
"78","diffobj"
"79","digest"
"80","directlabels"
"81","docxtools"
"82","dotCall64"
"83","dplyr"
"84","dtplyr"
"85","e1071"
"86","effectsize"
"87","ellipsis"
"88","elliptic"
"89","emmeans"
"90","entropy"
"91","EnvStats"
"92","estimability"
"93","evaluate"
"94","Exact"
"95","expm"
"96","fansi"
"97","farver"
"98","fastICA"
"99","fastmap"
"100","fBasics"
"101","fdrtool"
"102","fGarch"
"103","fields"
"104","filelock"
"105","fontawesome"
"106","forcats"
"107","foreach"
"108","formatdown"
"109","formatR"
"110","fs"
"111","furrr"
"112","futile.logger"
"113","futile.options"
"114","future"
"115","future.apply"
"116","gapminder"
"117","gargle"
"118","gbutils"
"119","generics"
"120","GenomeInfoDb"
"121","GenomeInfoDbData"
"122","GenomicAlignments"
"123","GenomicFeatures"
"124","GenomicRanges"
"125","gert"
"126","GGally"
"127","gganimate"
"128","ggcorrplot"
"129","ggplot2"
"130","ggpubr"
"131","ggrepel"
"132","ggsci"
"133","ggsignif"
"134","ggstatsplot"
"135","ggwordcloud"
"136","gh"
"137","gitcreds"
"138","gld"
"139","globals"
"140","glue"
"141","googledrive"
"142","googlesheets4"
"143","gower"
"144","GPfit"
"145","gridExtra"
"146","gss"
"147","gtable"
"148","hardhat"
"149","haven"
"150","here"
"151","highr"
"152","hms"
"153","htmltools"
"154","htmlwidgets"
"155","httpuv"
"156","httr"
"157","httr2"
"158","hwriter"
"159","hypergeo"
"160","ids"
"161","infer"
"162","ini"
"163","insight"
"164","interp"
"165","ipred"
"166","IRanges"
"167","isoband"
"168","ISOcodes"
"169","iterators"
"170","janeaustenr"
"171","janitor"
"172","jpeg"
"173","jquerylib"
"174","jsonlite"
"175","jtools"
"176","kableExtra"
"177","KEGGREST"
"178","klaR"
"179","knitr"
"180","labeling"
"181","labelled"
"182","lambda.r"
"183","later"
"184","latex2exp"
"185","latticeExtra"
"186","lava"
"187","lhs"
"188","lifecycle"
"189","listenv"
"190","lme4"
"191","lmerTest"
"192","lmom"
"193","locfit"
"194","lpSolve"
"195","lubridate"
"196","magick"
"197","magrittr"
"198","mapproj"
"199","maps"
"200","markdown"
"201","MatrixGenerics"
"202","MatrixModels"
"203","matrixStats"
"204","mc2d"
"205","memoise"
"206","mime"
"207","miniUI"
"208","minqa"
"209","mitools"
"210","mnormt"
"211","modeldata"
"212","modelenv"
"213","modelr"
"214","moodleR"
"215","munsell"
"216","mvtnorm"
"217","nloptr"
"218","nortest"
"219","numDeriv"
"220","openssl"
"221","packrat"
"222","paletteer"
"223","pander"
"224","parallelly"
"225","parameters"
"226","parsnip"
"227","patchwork"
"228","pbapply"
"229","pbkrtest"
"230","pdftools"
"231","performance"
"232","pillar"
"233","pkgconfig"
"234","pkgload"
"235","plogr"
"236","plyr"
"237","png"
"238","polynom"
"239","praise"
"240","prettyunits"
"241","prismatic"
"242","processx"
"243","prodlim"
"244","progress"
"245","progressr"
"246","ProjectTemplate"
"247","promises"
"248","proxy"
"249","ps"
"250","psych"
"251","purrr"
"252","pwr"
"253","qpdf"
"254","qtl"
"255","quadprog"
"256","quantreg"
"257","quarto"
"258","quartostamp"
"259","questionr"
"260","R.cache"
"261","R.methodsS3"
"262","R.oo"
"263","R.utils"
"264","R6"
"265","ragg"
"266","rappdirs"
"267","raster"
"268","rbibutils"
"269","RColorBrewer"
"270","Rcpp"
"271","RcppArmadillo"
"272","RcppEigen"
"273","RCurl"
"274","Rdpack"
"275","readr"
"276","readxl"
"277","recipes"
"278","rematch"
"279","rematch2"
"280","remotes"
"281","repr"
"282","reprex"
"283","reshape"
"284","reshape2"
"285","restfulr"
"286","rgdal"
"287","Rhtslib"
"288","rJava"
"289","rjson"
"290","rlang"
"291","RMariaDB"
"292","rmarkdown"
"293","rootSolve"
"294","RPostgres"
"295","rprojroot"
"296","rsample"
"297","Rsamtools"
"298","rsconnect"
"299","RSQLite"
"300","rstatix"
"301","rstudioapi"
"302","rticles"
"303","rtracklayer"
"304","rvest"
"305","S4Vectors"
"306","sampling"
"307","sass"
"308","scales"
"309","sda"
"310","SDAResources"
"311","selectr"
"312","servr"
"313","shape"
"314","shiny"
"315","ShortRead"
"316","skimr"
"317","slider"
"318","snakecase"
"319","snow"
"320","SnowballC"
"321","sourcetools"
"322","sp"
"323","spam"
"324","SparseM"
"325","SpATS"
"326","SQUAREM"
"327","stabledist"
"328","statgenSTA"
"329","statsExpressions"
"330","stopwords"
"331","stringi"
"332","stringr"
"333","styler"
"334","SummarizedExperiment"
"335","survey"
"336","svglite"
"337","sys"
"338","systemfonts"
"339","systemPipeR"
"340","terra"
"341","testthat"
"342","textdata"
"343","textshaping"
"344","tibble"
"345","tidymodels"
"346","tidyr"
"347","tidyselect"
"348","tidytext"
"349","tidyverse"
"350","timechange"
"351","timeDate"
"352","timeSeries"
"353","tinytex"
"354","tokenizers"
"355","tsibble"
"356","tsibbledata"
"357","tune"
"358","tweenr"
"359","tzdb"
"360","usethis"
"361","utf8"
"362","uuid"
"363","vctrs"
"364","VGAM"
"365","viridis"
"366","viridisLite"
"367","visdat"
"368","vroom"
"369","waldo"
"370","warp"
"371","webshot"
"372","whisker"
"373","withr"
"374","workflows"
"375","workflowsets"
"376","wrapr"
"377","writexl"
"378","WRS2"
"379","xaringan"
"380","xfun"
"381","xlsx"
"382","xlsxjars"
"383","XML"
"384","xml2"
"385","xtable"
"386","XVector"
"387","yaml"
"388","yardstick"
"389","zeallot"
"390","zip"
"391","zlibbioc"
"392","base"
"393","boot"
"394","class"
"395","cluster"
"396","codetools"
"397","compiler"
"398","datasets"
"399","foreign"
"400","graphics"
"401","grDevices"
"402","grid"
"403","KernSmooth"
"404","lattice"
"405","MASS"
"406","Matrix"
"407","methods"
"408","mgcv"
"409","nlme"
"410","nnet"
"411","parallel"
"412","rpart"
"413","spatial"
"414","splines"
"415","stats"
"416","stats4"
"417","survival"
"418","tcltk"
"419","tools"
"420","translations"
"421","utils"
